{"train/loss":0.1497881404310465,"train/l1_loss":0.09851793944835663,"_runtime":23854.576094662,"train/steps":30800,"train/episodes":1458.7346795097442,"_timestamp":1.770508547867629e+09,"train/kld_loss":0.003517303615808487,"_wandb":{"runtime":23854},"train/epochs":7.885052321674293,"train/samples":492800,"train/grad_norm":8.332880074977874,"train/update_s":0.7409752644039691,"train/dataloading_s":0.02276859385892749,"train/lr":1.0000000000000021e-05,"_step":30800}