{"train/lr":1.000000000000002e-05,"train/update_s":1.3444950014450296,"_runtime":31310,"train/samples":80000,"train/l1_loss":0.2394621819257736,"train/epochs":1.5677052714089752,"train/kld_loss":0.004714764654636383,"_timestamp":1.770257067046429e+09,"train/episodes":195.96315892612188,"train/grad_norm":16.833610014915465,"_step":10000,"train/dataloading_s":0.4576829627149891,"train/loss":0.25171540297567846,"train/steps":10000,"_wandb":{"runtime":31310}}