{"train/lr":1.0000000000000021e-05,"train/steps":32000,"train/update_s":0.48138810427859424,"train/samples":512000,"train/dataloading_s":0.030611434727907182,"train/l1_loss":0.14243462681770325,"train/loss":0.11337241500616074,"_runtime":24978.693811181,"train/grad_norm":7.976514881849289,"train/kld_loss":0.00029709935188293457,"train/episodes":1515.5684981919421,"_wandb":{"runtime":24978},"_timestamp":1.7705097242935011e+09,"train/epochs":8.192262152388876,"_step":32000}