{"train/l1_loss":0.07971197366714478,"_wandb":{"runtime":28049},"train/kld_loss":0.0003131609410047531,"_step":35200,"_runtime":28049.912549154,"train/episodes":1667.1253480111363,"train/grad_norm":7.673147503137589,"train/steps":35200,"_timestamp":1.7705133952535093e+09,"train/dataloading_s":0.025071666594594717,"train/loss":0.10788358490914106,"train/lr":1.0000000000000021e-05,"train/epochs":9.011488367627765,"train/samples":563200,"train/update_s":0.48066269934177397}