{"train/episodes":1515.568498191942,"train/update_s":0.48138810427859424,"_wandb":{"runtime":25048},"train/dataloading_s":0.030611434727907182,"_step":32000,"train/samples":512000,"train/lr":1.000000000000002e-05,"train/loss":0.11337241500616074,"train/kld_loss":0.00029709935188293457,"_runtime":25048,"train/l1_loss":0.14243462681770325,"train/epochs":8.192262152388876,"train/grad_norm":7.976514881849289,"train/steps":32000,"_timestamp":1.7705097242935011e+09}