{"_step":20000,"_wandb":{"runtime":42193},"train/lr":1.0000000000000021e-05,"train/l1_loss":0.050196558237075806,"_runtime":42193.952687975,"train/epochs":93.95184967704051,"train/samples":320000,"_timestamp":1.7704563665368357e+09,"train/loss":0.04856748327612877,"train/update_s":0.4914968399889767,"train/dataloading_s":0.040374112892895934,"train/grad_norm":6.534445275068283,"train/episodes":939.5184967704051,"train/kld_loss":0.00024502724409103394,"train/steps":20000}