{"_timestamp":1.7705097242935011e+09,"train/steps":32000,"train/grad_norm":7.976514881849289,"train/epochs":8.192262152388876,"train/update_s":0.48138810427859424,"_step":32000,"train/samples":512000,"train/kld_loss":0.00029709935188293457,"train/loss":0.11337241500616074,"train/episodes":1515.568498191942,"_runtime":25311,"train/l1_loss":0.14243462681770325,"_wandb":{"runtime":25311},"train/lr":1.000000000000002e-05,"train/dataloading_s":0.030611434727907182}